"Qty";"Value";"Device";"Package";"Parts";"Description";"BOM";"JLC";"PROD_ID";"SF_ID";"VALUE";
"1";"";"CONN_17";"1X17";"J8";"Multi connection point. Often used as Generic Header-pin footprint for 0.1 inch spaced/style header connections";"";"C2894940";"";"";"";
"2";"";"CONN_19";"1X19";"J7, J10";"Multi connection point. Often used as Generic Header-pin footprint for 0.1 inch spaced/style header connections";"";"C319202";"";"";"";
"1";"";"CONN_19";"1X19";"J12";"Multi connection point. Often used as Generic Header-pin footprint for 0.1 inch spaced/style header connections";"";"C2894942";"";"";"";
"1";"10uF";"10UF-25V-20%(PTH)KIT";"CPOL-RADIAL-10UF-25V-KIT";"C1";"CAP-08440";"";"C43351";"CAP-08440";"";"";
"1";"12V";"CONN_06SILK_FEMALE_PTH";"1X06";"J31";"Multi connection point. Often used as Generic Header-pin footprint for 0.1 inch spaced/style header connections";"";"C37208";"CONN-08437";"";"";
"1";"3V";"CONN_06SILK_FEMALE_PTH";"1X06";"J34";"Multi connection point. Often used as Generic Header-pin footprint for 0.1 inch spaced/style header connections";"";"C37208";"CONN-08437";"";"";
"2";"455-1750-1-ND";"CONN_03";"1X03";"J3, J6";"Multi connection point. Often used as Generic Header-pin footprint for 0.1 inch spaced/style header connections";"";"C49257";"XXX-00000";"";"455-1750-1-ND";
"1";"470uF";"CAP_POLPTH1";"CPOL-RADIAL-100UF-25V";"C2";"Capacitor Polarized";"";"C242145";"";"";"";
"1";"5V";"CONN_06SILK_FEMALE_PTH";"1X06";"J32";"Multi connection point. Often used as Generic Header-pin footprint for 0.1 inch spaced/style header connections";"";"C37208";"CONN-08437";"";"";
"2";"DC_A";"CONN_023.5MM";"SCREWTERMINAL-3.5MM-2";"J19, J29";"Multi connection point. Often used as Generic Header-pin footprint for 0.1 inch spaced/style header connections";"";"C695629";"CONN-08399";"";"";
"2";"DC_B";"CONN_023.5MM";"SCREWTERMINAL-3.5MM-2";"J20, J30";"Multi connection point. Often used as Generic Header-pin footprint for 0.1 inch spaced/style header connections";"";"C695629";"CONN-08399";"";"";
"2";"DC_M1";"CONN_08"";"1X08";"J17, J27";"Multi connection point. Often used as Generic Header-pin footprint for 0.1 inch spaced/style header connections";"";"C27438";"CONN-08438";"";"";
"2";"DC_M2";"CONN_08"";"1X08";"J18, J28";"Multi connection point. Often used as Generic Header-pin footprint for 0.1 inch spaced/style header connections";"";"C27438";"CONN-08438";"";"";
"1";"ESP32";"ESP32";"ESP32";"U$2";"";"EXCLUDE";"";"";"";"";
"1";"GND";"CONN_06SILK_FEMALE_PTH";"1X06";"J33";"Multi connection point. Often used as Generic Header-pin footprint for 0.1 inch spaced/style header connections";"";"C37208";"CONN-08437";"";"";
"1";"HW-613 5V";"M04NO_SILK_ALL_ROUND";"1X04_NO_SILK_ALL_ROUND";"J9";"Header 4";"";"";"CONN-09696";"";"";
"8";"JUMPER-SMT_2_NC_TRACE_NO-SILK";"JUMPER-SMT_2_NC_TRACE_NO-SILK";"SMT-JUMPER_2_NC_TRACE_NO-SILK";"JP1, JP2, JP3, JP4, JP5, JP6, JP7, JP8";"Normally closed trace jumper";"";"";"";"";"";
"1";"Loads S0";"CONN_05SCREW";"SCREWTERMINAL-3.5MM-5";"J25";"Multi connection point. Often used as Generic Header-pin footprint for 0.1 inch spaced/style header connections";"";"C3646874";"Combine 8288+8399";"";"";
"1";"Loads S1";"CONN_05SCREW";"SCREWTERMINAL-3.5MM-5";"J26";"Multi connection point. Often used as Generic Header-pin footprint for 0.1 inch spaced/style header connections";"";"C3646874";"Combine 8288+8399";"";"";
"1";"M0_D0";"CONN_16";"1X16";"J14";"Multi connection point. Often used as Generic Header-pin footprint for 0.1 inch spaced/style header connections";"";"C2905421";"";"";"";
"1";"M0_D1";"CONN_16";"1X16";"J13";"Multi connection point. Often used as Generic Header-pin footprint for 0.1 inch spaced/style header connections";"";"C2905421";"";"";"";
"1";"M0_MS1";"SOLDERJUMPER_2WAYS";"SJ_3";"SJ5";"Solder Jumper";"";"";"";"";"";
"1";"M0_MS2";"SOLDERJUMPER_2WAYS";"SJ_3";"SJ6";"Solder Jumper";"";"";"";"";"";
"1";"M1_D0";"CONN_16";"1X16";"J16";"Multi connection point. Often used as Generic Header-pin footprint for 0.1 inch spaced/style header connections";"";"C2905421";"";"";"";
"1";"M1_D1";"CONN_16";"1X16";"J15";"Multi connection point. Often used as Generic Header-pin footprint for 0.1 inch spaced/style header connections";"";"C2905421";"";"";"";
"1";"MS1";"SOLDERJUMPER_2WAYS";"SJ_3";"SJ7";"Solder Jumper";"";"";"";"";"";
"1";"MS2";"SOLDERJUMPER_2WAYS";"SJ_3";"SJ8";"Solder Jumper";"";"";"";"";"";
"1";"POWER_JACKPTH";"POWER_JACKPTH";"POWER_JACK_PTH";"J4";"Power Jack";"";"C16214";"CONN-08197";"";"";
"1";"S0_D0";"CONN_05PTH";"1X05";"J21";"Multi connection point. Often used as Generic Header-pin footprint for 0.1 inch spaced/style header connections";"";"C50950";"";"";"";
"1";"S0_D1";"CONN_05PTH";"1X05";"J22";"Multi connection point. Often used as Generic Header-pin footprint for 0.1 inch spaced/style header connections";"";"C50950";"";"";"";
"1";"S1_D0";"CONN_05PTH";"1X05";"J23";"Multi connection point. Often used as Generic Header-pin footprint for 0.1 inch spaced/style header connections";"";"C50950";"";"";"";
"1";"S1_D1";"CONN_05PTH";"1X05";"J24";"Multi connection point. Often used as Generic Header-pin footprint for 0.1 inch spaced/style header connections";"";"C50950";"";"";"";
"1";"StepM0";"CONN_04SCREW";"SCREWTERMINAL-3.5MM-4";"J5";"Multi connection point. Often used as Generic Header-pin footprint for 0.1 inch spaced/style header connections";"";"C557656";"CONN-14485";"";"";
"1";"StepM1";"M04SCREW";"SCREWTERMINAL-3.5MM-4@1";"J11";"Header 4";"";"C557656";"Combine 2x8399";"";"";
"1";"Vaulve0";"CONN_03SCREW";"SCREWTERMINAL-3.5MM-3";"J1";"Multi connection point. Often used as Generic Header-pin footprint for 0.1 inch spaced/style header connections";"";"C695630";"CONN-08288";"PRT-08235";"";
"1";"Vaulve1";"CONN_03SCREW";"SCREWTERMINAL-3.5MM-3";"J2";"Multi connection point. Often used as Generic Header-pin footprint for 0.1 inch spaced/style header connections";"";"C695630";"CONN-08288";"PRT-08235";"";
