JP1, 31.75, 73.66, 0.00, JUMPER-SMT_2_NC_TRACE_NO-SILK, SMT-JUMPER_2_NC_TRACE_NO-SILK
JP2, 31.75, 71.12, 0.00, JUMPER-SMT_2_NC_TRACE_NO-SILK, SMT-JUMPER_2_NC_TRACE_NO-SILK
JP3, 31.75, 66.04, 0.00, JUMPER-SMT_2_NC_TRACE_NO-SILK, SMT-JUMPER_2_NC_TRACE_NO-SILK
JP4, 31.75, 63.50, 0.00, JUMPER-SMT_2_NC_TRACE_NO-SILK, SMT-JUMPER_2_NC_TRACE_NO-SILK
JP5, 77.47, 12.70, 0.00, JUMPER-SMT_2_NC_TRACE_NO-SILK, SMT-JUMPER_2_NC_TRACE_NO-SILK
JP6, 78.74, 39.37, 0.00, JUMPER-SMT_2_NC_TRACE_NO-SILK, SMT-JUMPER_2_NC_TRACE_NO-SILK
JP7, 31.75, 68.58, 0.00, JUMPER-SMT_2_NC_TRACE_NO-SILK, SMT-JUMPER_2_NC_TRACE_NO-SILK
JP8, 19.05, 26.67, 180.00, JUMPER-SMT_2_NC_TRACE_NO-SILK, SMT-JUMPER_2_NC_TRACE_NO-SILK
